Pair,Type,Start,End,NetPL,MaxDD,TotalVolume,CostAdjPL,NumTxn,RefEx,Param
ADAUSDT,REAL,2019-06-10T00:00:00+08:00,2019-06-11T00:00:00+08:00,6.47,3.91,8555.8318,6.80,84,,
ADAUSDT,SIM,2019-06-10T00:00:00+08:00,2019-06-11T00:00:00+08:00,-1.04,1.20,5008.6890,-0.84,48,BINANCE,"{""pbfactor"":0.8,""widener"":3.5}"
ADAUSDT,SIM,2019-06-10T00:00:00+08:00,2019-06-11T00:00:00+08:00,-5.61,7.14,50505.6931,-3.62,475,FCOIN,"{""pbfactor"":0.8,""widener"":3.5}"
ADAUSDT,SIM,2019-06-10T00:00:00+08:00,2019-06-11T00:00:00+08:00,1.13,0.23,1760.3082,1.20,17,BINANCE,"{""pbfactor"":0.8,""widener"":5.5}"
ADAUSDT,SIM,2019-06-10T00:00:00+08:00,2019-06-11T00:00:00+08:00,-5.03,5.72,34411.9644,-3.68,322,FCOIN,"{""pbfactor"":0.8,""widener"":5.5}"
ADAUSDT,SIM,2019-06-10T00:00:00+08:00,2019-06-11T00:00:00+08:00,-0.10,0.11,645.8999,-0.07,6,BINANCE,"{""pbfactor"":0.8,""widener"":8.5}"
ADAUSDT,SIM,2019-06-10T00:00:00+08:00,2019-06-11T00:00:00+08:00,-1.01,1.34,20272.5143,-0.21,190,FCOIN,"{""pbfactor"":0.8,""widener"":8.5}"
ADAUSDT,SIM,2019-06-10T00:00:00+08:00,2019-06-11T00:00:00+08:00,0.19,0.00,220.0000,0.20,2,BINANCE,"{""pbfactor"":0.8,""widener"":10.5}"
ADAUSDT,SIM,2019-06-10T00:00:00+08:00,2019-06-11T00:00:00+08:00,0.05,1.03,15670.4739,0.67,145,FCOIN,"{""pbfactor"":0.8,""widener"":10.5}"
ADAUSDT,SIM,2019-06-10T00:00:00+08:00,2019-06-11T00:00:00+08:00,1.23,1.14,9208.9461,1.59,85,FCOIN,"{""pbfactor"":0.8,""widener"":15.5}"
ADAUSDT,SIM,2019-06-10T00:00:00+08:00,2019-06-11T00:00:00+08:00,4.80,2.87,4576.3323,4.98,43,FCOIN,"{""pbfactor"":0.8,""widener"":20.5}"
ADAUSDT,SIM,2019-06-10T00:00:00+08:00,2019-06-11T00:00:00+08:00,0.30,0.35,1870.0000,0.37,17,FCOIN,"{""pbfactor"":0.8,""widener"":25.5}"
ADAUSDT,SIM,2019-06-10T00:00:00+08:00,2019-06-11T00:00:00+08:00,0.75,0.28,1356.1884,0.81,13,FCOIN,"{""pbfactor"":0.8,""widener"":30.5}"
ADAUSDT,SIM,2019-06-10T00:00:00+08:00,2019-06-11T00:00:00+08:00,-0.04,0.10,440.0000,-0.02,4,FCOIN,"{""pbfactor"":0.8,""widener"":35.5}"
,,,,,,,,,,
DASHUSDT,REAL,2019-06-10T00:00:00+08:00,2019-06-11T00:00:00+08:00,0.14,0.15,0.3690,0.17,6,,
DASHUSDT,SIM,2019-06-10T00:00:00+08:00,2019-06-11T00:00:00+08:00,0.51,0.56,0.8783,0.57,23,BINANCE,"{""pbfactor"":0.8,""widener"":3.5}"
DASHUSDT,SIM,2019-06-10T00:00:00+08:00,2019-06-11T00:00:00+08:00,-0.13,1.65,5.8748,0.28,141,FCOIN,"{""pbfactor"":0.8,""widener"":3.5}"
DASHUSDT,SIM,2019-06-10T00:00:00+08:00,2019-06-11T00:00:00+08:00,0.11,0.16,0.3100,0.13,5,BINANCE,"{""pbfactor"":0.8,""widener"":5.5}"
DASHUSDT,SIM,2019-06-10T00:00:00+08:00,2019-06-11T00:00:00+08:00,0.24,0.29,2.0274,0.38,46,FCOIN,"{""pbfactor"":0.8,""widener"":5.5}"
DASHUSDT,SIM,2019-06-10T00:00:00+08:00,2019-06-11T00:00:00+08:00,0.07,0.00,0.1240,0.08,2,BINANCE,"{""pbfactor"":0.8,""widener"":8.5}"
DASHUSDT,SIM,2019-06-10T00:00:00+08:00,2019-06-11T00:00:00+08:00,0.38,0.15,0.5110,0.42,10,FCOIN,"{""pbfactor"":0.8,""widener"":8.5}"
DASHUSDT,SIM,2019-06-10T00:00:00+08:00,2019-06-11T00:00:00+08:00,0.51,0.18,0.3770,0.54,7,FCOIN,"{""pbfactor"":0.8,""widener"":10.5}"
DASHUSDT,SIM,2019-06-10T00:00:00+08:00,2019-06-11T00:00:00+08:00,-0.00,0.29,0.2480,0.01,4,FCOIN,"{""pbfactor"":0.8,""widener"":15.5}"
DASHUSDT,SIM,2019-06-10T00:00:00+08:00,2019-06-11T00:00:00+08:00,0.00,0.00,0.0620,0.00,1,FCOIN,"{""pbfactor"":0.8,""widener"":20.5}"
,,,,,,,,,,
LTCUSDT,SIM,2019-06-10T00:00:00+08:00,2019-06-11T00:00:00+08:00,-15.87,18.15,98.8651,-10.28,531,BINANCE,"{""pbfactor"":0.8,""widener"":3.5}"
LTCUSDT,SIM,2019-06-10T00:00:00+08:00,2019-06-11T00:00:00+08:00,-4.29,10.30,222.7098,8.30,1188,FCOIN,"{""pbfactor"":0.8,""widener"":3.5}"
LTCUSDT,SIM,2019-06-10T00:00:00+08:00,2019-06-11T00:00:00+08:00,0.66,6.43,59.6793,4.03,316,BINANCE,"{""pbfactor"":0.8,""widener"":5.5}"
LTCUSDT,SIM,2019-06-10T00:00:00+08:00,2019-06-11T00:00:00+08:00,-8.89,9.31,190.7634,1.90,1013,FCOIN,"{""pbfactor"":0.8,""widener"":5.5}"
LTCUSDT,SIM,2019-06-10T00:00:00+08:00,2019-06-11T00:00:00+08:00,-1.00,5.43,29.2516,0.65,152,BINANCE,"{""pbfactor"":0.8,""widener"":8.5}"
LTCUSDT,SIM,2019-06-10T00:00:00+08:00,2019-06-11T00:00:00+08:00,-9.38,10.21,149.9668,-0.90,792,FCOIN,"{""pbfactor"":0.8,""widener"":8.5}"
LTCUSDT,SIM,2019-06-10T00:00:00+08:00,2019-06-11T00:00:00+08:00,0.20,2.11,18.2484,1.23,96,BINANCE,"{""pbfactor"":0.8,""widener"":10.5}"
LTCUSDT,SIM,2019-06-10T00:00:00+08:00,2019-06-11T00:00:00+08:00,-12.78,12.91,103.3962,-6.93,547,FCOIN,"{""pbfactor"":0.8,""widener"":10.5}"
LTCUSDT,SIM,2019-06-10T00:00:00+08:00,2019-06-11T00:00:00+08:00,4.87,0.92,6.4000,5.22,32,BINANCE,"{""pbfactor"":0.8,""widener"":15.5}"
LTCUSDT,SIM,2019-06-10T00:00:00+08:00,2019-06-11T00:00:00+08:00,-3.74,3.81,35.6455,-1.72,193,FCOIN,"{""pbfactor"":0.8,""widener"":15.5}"
,,,,,,,,,,
XRPUSDT,REAL,2019-06-10T00:00:00+08:00,2019-06-11T00:00:00+08:00,-2.87,6.72,19918.5800,0.97,383,,
XRPUSDT,SIM,2019-06-10T00:00:00+08:00,2019-06-11T00:00:00+08:00,-11.72,13.24,24184.7100,-7.05,478,BINANCE,"{""pbfactor"":0.8,""widener"":3.5}"
XRPUSDT,SIM,2019-06-10T00:00:00+08:00,2019-06-11T00:00:00+08:00,-10.22,12.95,29530.9000,-4.51,597,FCOIN,"{""pbfactor"":0.8,""widener"":3.5}"
XRPUSDT,SIM,2019-06-10T00:00:00+08:00,2019-06-11T00:00:00+08:00,0.85,5.91,15514.7400,3.85,303,BINANCE,"{""pbfactor"":0.8,""widener"":5.5}"
XRPUSDT,SIM,2019-06-10T00:00:00+08:00,2019-06-11T00:00:00+08:00,-7.31,9.67,18558.8800,-3.73,364,FCOIN,"{""pbfactor"":0.8,""widener"":5.5}"
XRPUSDT,SIM,2019-06-10T00:00:00+08:00,2019-06-11T00:00:00+08:00,0.17,5.84,8045.6000,1.73,161,BINANCE,"{""pbfactor"":0.8,""widener"":8.5}"
XRPUSDT,SIM,2019-06-10T00:00:00+08:00,2019-06-11T00:00:00+08:00,-2.54,5.46,10971.5300,-0.43,215,FCOIN,"{""pbfactor"":0.8,""widener"":8.5}"
XRPUSDT,SIM,2019-06-10T00:00:00+08:00,2019-06-11T00:00:00+08:00,-4.67,6.01,5367.6500,-3.64,107,BINANCE,"{""pbfactor"":0.8,""widener"":10.5}"
XRPUSDT,SIM,2019-06-10T00:00:00+08:00,2019-06-11T00:00:00+08:00,-3.66,6.74,7063.9300,-2.31,140,FCOIN,"{""pbfactor"":0.8,""widener"":10.5}"
XRPUSDT,SIM,2019-06-10T00:00:00+08:00,2019-06-11T00:00:00+08:00,-2.28,4.42,2298.5300,-1.83,46,BINANCE,"{""pbfactor"":0.8,""widener"":15.5}"
XRPUSDT,SIM,2019-06-10T00:00:00+08:00,2019-06-11T00:00:00+08:00,-2.85,2.89,2614.0600,-2.38,51,FCOIN,"{""pbfactor"":0.8,""widener"":15.5}"
XRPUSDT,SIM,2019-06-10T00:00:00+08:00,2019-06-11T00:00:00+08:00,1.70,3.69,1111.2900,1.92,21,BINANCE,"{""pbfactor"":0.8,""widener"":20.5}"
XRPUSDT,SIM,2019-06-10T00:00:00+08:00,2019-06-11T00:00:00+08:00,-0.96,1.65,1303.2000,-0.72,24,FCOIN,"{""pbfactor"":0.8,""widener"":20.5}"
XRPUSDT,SIM,2019-06-10T00:00:00+08:00,2019-06-11T00:00:00+08:00,-0.78,0.78,597.3000,-0.66,11,BINANCE,"{""pbfactor"":0.8,""widener"":25.5}"
XRPUSDT,SIM,2019-06-10T00:00:00+08:00,2019-06-11T00:00:00+08:00,-0.08,0.20,380.1000,-0.01,7,FCOIN,"{""pbfactor"":0.8,""widener"":25.5}"
,,,,,,,,,,
ETHUSDT,REAL,2019-06-10T00:00:00+08:00,2019-06-11T00:00:00+08:00,2.41,7.38,21.9534,4.94,282,,
ETHUSDT,SIM,2019-06-10T00:00:00+08:00,2019-06-11T00:00:00+08:00,-9.81,12.00,44.0114,-4.73,507,BINANCE,"{""pbfactor"":0.8,""widener"":3.5}"
ETHUSDT,SIM,2019-06-10T00:00:00+08:00,2019-06-11T00:00:00+08:00,-15.26,17.98,106.4440,-2.96,1215,FCOIN,"{""pbfactor"":0.8,""widener"":3.5}"
ETHUSDT,SIM,2019-06-10T00:00:00+08:00,2019-06-11T00:00:00+08:00,-7.95,9.94,28.5814,-4.66,329,BINANCE,"{""pbfactor"":0.8,""widener"":5.5}"
ETHUSDT,SIM,2019-06-10T00:00:00+08:00,2019-06-11T00:00:00+08:00,-14.77,16.35,97.0828,-3.56,1107,FCOIN,"{""pbfactor"":0.8,""widener"":5.5}"
ETHUSDT,SIM,2019-06-10T00:00:00+08:00,2019-06-11T00:00:00+08:00,-2.04,5.22,15.7190,-0.22,179,BINANCE,"{""pbfactor"":0.8,""widener"":8.5}"
ETHUSDT,SIM,2019-06-10T00:00:00+08:00,2019-06-11T00:00:00+08:00,-15.08,15.70,80.8825,-5.73,925,FCOIN,"{""pbfactor"":0.8,""widener"":8.5}"
ETHUSDT,SIM,2019-06-10T00:00:00+08:00,2019-06-11T00:00:00+08:00,-0.39,3.72,10.3671,0.80,119,BINANCE,"{""pbfactor"":0.8,""widener"":10.5}"
ETHUSDT,SIM,2019-06-10T00:00:00+08:00,2019-06-11T00:00:00+08:00,-14.51,14.68,70.0023,-6.42,801,FCOIN,"{""pbfactor"":0.8,""widener"":10.5}"
ETHUSDT,SIM,2019-06-10T00:00:00+08:00,2019-06-11T00:00:00+08:00,0.53,2.75,4.9603,1.11,58,BINANCE,"{""pbfactor"":0.8,""widener"":15.5}"
ETHUSDT,SIM,2019-06-10T00:00:00+08:00,2019-06-11T00:00:00+08:00,-10.02,10.21,53.7671,-3.89,610,FCOIN,"{""pbfactor"":0.8,""widener"":15.5}"
ETHUSDT,SIM,2019-06-10T00:00:00+08:00,2019-06-11T00:00:00+08:00,-1.24,2.27,2.2250,-0.98,25,BINANCE,"{""pbfactor"":0.8,""widener"":20.5}"
ETHUSDT,SIM,2019-06-10T00:00:00+08:00,2019-06-11T00:00:00+08:00,-5.63,5.97,33.0117,-1.87,382,FCOIN,"{""pbfactor"":0.8,""widener"":20.5}"
ETHUSDT,SIM,2019-06-10T00:00:00+08:00,2019-06-11T00:00:00+08:00,-0.40,0.92,0.8510,-0.30,10,BINANCE,"{""pbfactor"":0.8,""widener"":25.5}"
ETHUSDT,SIM,2019-06-10T00:00:00+08:00,2019-06-11T00:00:00+08:00,-1.74,2.04,12.4949,-0.32,144,FCOIN,"{""pbfactor"":0.8,""widener"":25.5}"
ETHUSDT,SIM,2019-06-10T00:00:00+08:00,2019-06-11T00:00:00+08:00,-0.68,0.68,0.1780,-0.66,2,BINANCE,"{""pbfactor"":0.8,""widener"":30.5}"
ETHUSDT,SIM,2019-06-10T00:00:00+08:00,2019-06-11T00:00:00+08:00,-0.79,1.14,9.7660,0.32,110,FCOIN,"{""pbfactor"":0.8,""widener"":30.5}"
ETHUSDT,SIM,2019-06-10T00:00:00+08:00,2019-06-11T00:00:00+08:00,-0.32,0.32,0.1780,-0.29,2,BINANCE,"{""pbfactor"":0.8,""widener"":35.5}"
ETHUSDT,SIM,2019-06-10T00:00:00+08:00,2019-06-11T00:00:00+08:00,-0.88,1.14,8.0140,0.03,91,FCOIN,"{""pbfactor"":0.8,""widener"":35.5}"
ETHUSDT,SIM,2019-06-10T00:00:00+08:00,2019-06-11T00:00:00+08:00,-0.30,0.30,0.1780,-0.28,2,BINANCE,"{""pbfactor"":0.8,""widener"":40.5}"
ETHUSDT,SIM,2019-06-10T00:00:00+08:00,2019-06-11T00:00:00+08:00,-0.01,0.28,2.1670,0.23,25,FCOIN,"{""pbfactor"":0.8,""widener"":40.5}"
,,,,,,,,,,
BTCUSDT,REAL,2019-06-10T00:00:00+08:00,2019-06-11T00:00:00+08:00,8.37,6.67,0.7969,11.38,268,,
BTCUSDT,SIM,2019-06-10T00:00:00+08:00,2019-06-11T00:00:00+08:00,-5.15,10.31,1.5760,0.81,535,BINANCE,"{""pbfactor"":0.8,""widener"":3.5}"
BTCUSDT,SIM,2019-06-10T00:00:00+08:00,2019-06-11T00:00:00+08:00,-24.35,25.43,3.6461,-10.57,1219,FCOIN,"{""pbfactor"":0.8,""widener"":3.5}"
BTCUSDT,SIM,2019-06-10T00:00:00+08:00,2019-06-11T00:00:00+08:00,-1.14,6.86,1.0568,2.86,357,BINANCE,"{""pbfactor"":0.8,""widener"":5.5}"
BTCUSDT,SIM,2019-06-10T00:00:00+08:00,2019-06-11T00:00:00+08:00,-22.18,22.87,3.3166,-9.64,1110,FCOIN,"{""pbfactor"":0.8,""widener"":5.5}"
BTCUSDT,SIM,2019-06-10T00:00:00+08:00,2019-06-11T00:00:00+08:00,-0.24,2.18,0.5290,1.76,178,BINANCE,"{""pbfactor"":0.8,""widener"":8.5}"
BTCUSDT,SIM,2019-06-10T00:00:00+08:00,2019-06-11T00:00:00+08:00,-18.95,18.95,2.9779,-7.69,995,FCOIN,"{""pbfactor"":0.8,""widener"":8.5}"
BTCUSDT,SIM,2019-06-10T00:00:00+08:00,2019-06-11T00:00:00+08:00,-0.42,2.23,0.3190,0.79,107,BINANCE,"{""pbfactor"":0.8,""widener"":10.5}"
BTCUSDT,SIM,2019-06-10T00:00:00+08:00,2019-06-11T00:00:00+08:00,-13.69,13.69,2.4111,-4.57,804,FCOIN,"{""pbfactor"":0.8,""widener"":10.5}"
BTCUSDT,SIM,2019-06-10T00:00:00+08:00,2019-06-11T00:00:00+08:00,0.48,0.63,0.1060,0.88,36,BINANCE,"{""pbfactor"":0.8,""widener"":15.5}"
BTCUSDT,SIM,2019-06-10T00:00:00+08:00,2019-06-11T00:00:00+08:00,-5.42,5.42,1.1092,-1.22,370,FCOIN,"{""pbfactor"":0.8,""widener"":15.5}"
BTCUSDT,SIM,2019-06-10T00:00:00+08:00,2019-06-11T00:00:00+08:00,0.15,0.17,0.0270,0.25,9,BINANCE,"{""pbfactor"":0.8,""widener"":20.5}"
,,,,,,,,,,
ADAUSDT,REAL,2019-06-09T00:00:00+08:00,2019-06-10T00:00:00+08:00,0.16,0.28,3427.0000,0.30,33,,
ADAUSDT,SIM,2019-06-09T00:00:00+08:00,2019-06-10T00:00:00+08:00,0.10,0.42,1060.0000,0.14,10,BINANCE,"{""pbfactor"":0.8,""widener"":3.5}"
ADAUSDT,SIM,2019-06-09T00:00:00+08:00,2019-06-10T00:00:00+08:00,-6.59,7.24,29519.7245,-5.39,282,FCOIN,"{""pbfactor"":0.8,""widener"":3.5}"
ADAUSDT,SIM,2019-06-09T00:00:00+08:00,2019-06-10T00:00:00+08:00,-0.06,0.06,330.0000,-0.05,3,BINANCE,"{""pbfactor"":0.8,""widener"":5.5}"
ADAUSDT,SIM,2019-06-09T00:00:00+08:00,2019-06-10T00:00:00+08:00,0.22,1.94,18656.0288,0.98,175,FCOIN,"{""pbfactor"":0.8,""widener"":5.5}"
ADAUSDT,SIM,2019-06-09T00:00:00+08:00,2019-06-10T00:00:00+08:00,2.03,2.01,10450.0000,2.46,95,FCOIN,"{""pbfactor"":0.8,""widener"":8.5}"
ADAUSDT,SIM,2019-06-09T00:00:00+08:00,2019-06-10T00:00:00+08:00,1.23,1.24,7660.9354,1.55,73,FCOIN,"{""pbfactor"":0.8,""widener"":10.5}"
ADAUSDT,SIM,2019-06-09T00:00:00+08:00,2019-06-10T00:00:00+08:00,0.55,0.45,3734.3722,0.71,34,FCOIN,"{""pbfactor"":0.8,""widener"":15.5}"
ADAUSDT,SIM,2019-06-09T00:00:00+08:00,2019-06-10T00:00:00+08:00,-0.08,0.19,1430.0000,-0.02,13,FCOIN,"{""pbfactor"":0.8,""widener"":20.5}"
ADAUSDT,SIM,2019-06-09T00:00:00+08:00,2019-06-10T00:00:00+08:00,-0.04,0.06,440.0000,-0.02,4,FCOIN,"{""pbfactor"":0.8,""widener"":25.5}"
ADAUSDT,SIM,2019-06-09T00:00:00+08:00,2019-06-10T00:00:00+08:00,-0.00,0.00,220.0000,0.00,2,FCOIN,"{""pbfactor"":0.8,""widener"":30.5}"
ADAUSDT,SIM,2019-06-09T00:00:00+08:00,2019-06-10T00:00:00+08:00,0.05,0.00,220.0000,0.06,2,FCOIN,"{""pbfactor"":0.8,""widener"":35.5}"
,,,,,,,,,,
DASHUSDT,SIM,2019-06-09T00:00:00+08:00,2019-06-10T00:00:00+08:00,-0.02,0.59,0.5018,0.02,27,BINANCE,"{""pbfactor"":0.8,""widener"":3.5}"
DASHUSDT,SIM,2019-06-09T00:00:00+08:00,2019-06-10T00:00:00+08:00,-1.38,1.95,2.3390,-1.21,64,FCOIN,"{""pbfactor"":0.8,""widener"":3.5}"
DASHUSDT,SIM,2019-06-09T00:00:00+08:00,2019-06-10T00:00:00+08:00,-0.13,0.13,0.0670,-0.12,2,BINANCE,"{""pbfactor"":0.8,""widener"":5.5}"
DASHUSDT,SIM,2019-06-09T00:00:00+08:00,2019-06-10T00:00:00+08:00,0.18,0.15,0.7230,0.23,15,FCOIN,"{""pbfactor"":0.8,""widener"":5.5}"
DASHUSDT,SIM,2019-06-09T00:00:00+08:00,2019-06-10T00:00:00+08:00,-0.02,0.02,0.0630,-0.01,2,FCOIN,"{""pbfactor"":0.8,""widener"":8.5}"
DASHUSDT,SIM,2019-06-09T00:00:00+08:00,2019-06-10T00:00:00+08:00,0.00,0.00,0.0620,0.00,1,FCOIN,"{""pbfactor"":0.8,""widener"":10.5}"
,,,,,,,,,,
LTCUSDT,SIM,2019-06-09T00:00:00+08:00,2019-06-10T00:00:00+08:00,-10.32,11.23,72.7057,-6.20,388,BINANCE,"{""pbfactor"":0.8,""widener"":3.5}"
LTCUSDT,SIM,2019-06-09T00:00:00+08:00,2019-06-10T00:00:00+08:00,-10.36,14.71,172.1145,-0.60,932,FCOIN,"{""pbfactor"":0.8,""widener"":3.5}"
LTCUSDT,SIM,2019-06-09T00:00:00+08:00,2019-06-10T00:00:00+08:00,-10.11,11.21,44.3681,-7.60,232,BINANCE,"{""pbfactor"":0.8,""widener"":5.5}"
LTCUSDT,SIM,2019-06-09T00:00:00+08:00,2019-06-10T00:00:00+08:00,-9.56,12.28,141.8812,-1.52,769,FCOIN,"{""pbfactor"":0.8,""widener"":5.5}"
LTCUSDT,SIM,2019-06-09T00:00:00+08:00,2019-06-10T00:00:00+08:00,-7.41,7.68,20.5189,-6.25,108,BINANCE,"{""pbfactor"":0.8,""widener"":8.5}"
LTCUSDT,SIM,2019-06-09T00:00:00+08:00,2019-06-10T00:00:00+08:00,-8.10,8.25,108.9483,-1.93,589,FCOIN,"{""pbfactor"":0.8,""widener"":8.5}"
LTCUSDT,SIM,2019-06-09T00:00:00+08:00,2019-06-10T00:00:00+08:00,-3.86,4.10,10.9051,-3.24,58,BINANCE,"{""pbfactor"":0.8,""widener"":10.5}"
LTCUSDT,SIM,2019-06-09T00:00:00+08:00,2019-06-10T00:00:00+08:00,-6.89,6.89,80.4118,-2.33,426,FCOIN,"{""pbfactor"":0.8,""widener"":10.5}"
LTCUSDT,SIM,2019-06-09T00:00:00+08:00,2019-06-10T00:00:00+08:00,-0.60,0.60,0.9709,-0.54,6,BINANCE,"{""pbfactor"":0.8,""widener"":15.5}"
,,,,,,,,,,
XRPUSDT,REAL,2019-06-09T00:00:00+08:00,2019-06-10T00:00:00+08:00,-4.56,4.76,10128.2400,-2.52,196,,
XRPUSDT,SIM,2019-06-09T00:00:00+08:00,2019-06-10T00:00:00+08:00,-7.50,7.85,10568.2300,-5.38,229,BINANCE,"{""pbfactor"":0.8,""widener"":3.5}"
XRPUSDT,SIM,2019-06-09T00:00:00+08:00,2019-06-10T00:00:00+08:00,-4.00,4.05,16273.0200,-0.71,357,FCOIN,"{""pbfactor"":0.8,""widener"":3.5}"
XRPUSDT,SIM,2019-06-09T00:00:00+08:00,2019-06-10T00:00:00+08:00,0.11,4.41,6160.1700,1.35,134,BINANCE,"{""pbfactor"":0.8,""widener"":5.5}"
XRPUSDT,SIM,2019-06-09T00:00:00+08:00,2019-06-10T00:00:00+08:00,-4.29,4.40,9184.5600,-2.44,195,FCOIN,"{""pbfactor"":0.8,""widener"":5.5}"
XRPUSDT,SIM,2019-06-09T00:00:00+08:00,2019-06-10T00:00:00+08:00,1.08,2.69,2951.8200,1.67,61,BINANCE,"{""pbfactor"":0.8,""widener"":8.5}"
XRPUSDT,SIM,2019-06-09T00:00:00+08:00,2019-06-10T00:00:00+08:00,-0.61,2.46,3968.4200,0.19,81,FCOIN,"{""pbfactor"":0.8,""widener"":8.5}"
XRPUSDT,SIM,2019-06-09T00:00:00+08:00,2019-06-10T00:00:00+08:00,1.06,1.41,1839.6900,1.43,37,BINANCE,"{""pbfactor"":0.8,""widener"":10.5}"
XRPUSDT,SIM,2019-06-09T00:00:00+08:00,2019-06-10T00:00:00+08:00,0.85,0.80,2872.1400,1.43,58,FCOIN,"{""pbfactor"":0.8,""widener"":10.5}"
XRPUSDT,SIM,2019-06-09T00:00:00+08:00,2019-06-10T00:00:00+08:00,0.64,0.07,602.5100,0.76,12,BINANCE,"{""pbfactor"":0.8,""widener"":15.5}"
XRPUSDT,SIM,2019-06-09T00:00:00+08:00,2019-06-10T00:00:00+08:00,1.25,0.31,922.3000,1.44,18,FCOIN,"{""pbfactor"":0.8,""widener"":15.5}"
,,,,,,,,,,
ETHUSDT,REAL,2019-06-09T00:00:00+08:00,2019-06-10T00:00:00+08:00,7.12,2.71,11.0056,8.45,140,,
ETHUSDT,SIM,2019-06-09T00:00:00+08:00,2019-06-10T00:00:00+08:00,-4.86,7.39,23.8844,-1.98,273,BINANCE,"{""pbfactor"":0.8,""widener"":3.5}"
ETHUSDT,SIM,2019-06-09T00:00:00+08:00,2019-06-10T00:00:00+08:00,-18.51,19.22,62.6652,-10.96,714,FCOIN,"{""pbfactor"":0.8,""widener"":3.5}"
ETHUSDT,SIM,2019-06-09T00:00:00+08:00,2019-06-10T00:00:00+08:00,3.61,2.71,13.9876,5.29,162,BINANCE,"{""pbfactor"":0.8,""widener"":5.5}"
ETHUSDT,SIM,2019-06-09T00:00:00+08:00,2019-06-10T00:00:00+08:00,-16.78,17.22,54.9158,-10.16,631,FCOIN,"{""pbfactor"":0.8,""widener"":5.5}"
ETHUSDT,SIM,2019-06-09T00:00:00+08:00,2019-06-10T00:00:00+08:00,4.41,1.17,7.2613,5.29,84,BINANCE,"{""pbfactor"":0.8,""widener"":8.5}"
ETHUSDT,SIM,2019-06-09T00:00:00+08:00,2019-06-10T00:00:00+08:00,-13.76,14.02,44.6790,-8.38,510,FCOIN,"{""pbfactor"":0.8,""widener"":8.5}"
ETHUSDT,SIM,2019-06-09T00:00:00+08:00,2019-06-10T00:00:00+08:00,2.47,0.77,5.0890,3.09,58,BINANCE,"{""pbfactor"":0.8,""widener"":10.5}"
ETHUSDT,SIM,2019-06-09T00:00:00+08:00,2019-06-10T00:00:00+08:00,-9.90,9.93,40.1874,-5.06,461,FCOIN,"{""pbfactor"":0.8,""widener"":10.5}"
ETHUSDT,SIM,2019-06-09T00:00:00+08:00,2019-06-10T00:00:00+08:00,0.86,0.93,2.0500,1.10,24,BINANCE,"{""pbfactor"":0.8,""widener"":15.5}"
ETHUSDT,SIM,2019-06-09T00:00:00+08:00,2019-06-10T00:00:00+08:00,-6.40,6.40,29.7506,-2.81,340,FCOIN,"{""pbfactor"":0.8,""widener"":15.5}"
ETHUSDT,SIM,2019-06-09T00:00:00+08:00,2019-06-10T00:00:00+08:00,0.43,0.08,1.0680,0.56,12,BINANCE,"{""pbfactor"":0.8,""widener"":20.5}"
ETHUSDT,SIM,2019-06-09T00:00:00+08:00,2019-06-10T00:00:00+08:00,-2.19,2.19,9.2694,-1.07,106,FCOIN,"{""pbfactor"":0.8,""widener"":20.5}"
ETHUSDT,SIM,2019-06-09T00:00:00+08:00,2019-06-10T00:00:00+08:00,0.00,0.00,0.0890,0.01,1,BINANCE,"{""pbfactor"":0.8,""widener"":25.5}"
,,,,,,,,,,
BTCUSDT,REAL,2019-06-09T00:00:00+08:00,2019-06-10T00:00:00+08:00,-6.58,7.81,0.5800,-4.33,194,,
BTCUSDT,SIM,2019-06-09T00:00:00+08:00,2019-06-10T00:00:00+08:00,-10.57,11.43,1.1855,-5.97,400,BINANCE,"{""pbfactor"":0.8,""widener"":3.5}"
BTCUSDT,SIM,2019-06-09T00:00:00+08:00,2019-06-10T00:00:00+08:00,-10.50,11.65,2.9376,0.90,982,FCOIN,"{""pbfactor"":0.8,""widener"":3.5}"
BTCUSDT,SIM,2019-06-09T00:00:00+08:00,2019-06-10T00:00:00+08:00,-8.45,9.00,0.6535,-5.91,220,BINANCE,"{""pbfactor"":0.8,""widener"":5.5}"
BTCUSDT,SIM,2019-06-09T00:00:00+08:00,2019-06-10T00:00:00+08:00,-10.90,11.56,2.7030,-0.42,901,FCOIN,"{""pbfactor"":0.8,""widener"":5.5}"
BTCUSDT,SIM,2019-06-09T00:00:00+08:00,2019-06-10T00:00:00+08:00,-4.32,4.77,0.3250,-3.06,109,BINANCE,"{""pbfactor"":0.8,""widener"":8.5}"
BTCUSDT,SIM,2019-06-09T00:00:00+08:00,2019-06-10T00:00:00+08:00,-10.02,10.22,2.4060,-0.68,802,FCOIN,"{""pbfactor"":0.8,""widener"":8.5}"
BTCUSDT,SIM,2019-06-09T00:00:00+08:00,2019-06-10T00:00:00+08:00,-1.65,2.45,0.1870,-0.93,63,BINANCE,"{""pbfactor"":0.8,""widener"":10.5}"
BTCUSDT,SIM,2019-06-09T00:00:00+08:00,2019-06-10T00:00:00+08:00,-7.62,7.62,1.7655,-0.77,590,FCOIN,"{""pbfactor"":0.8,""widener"":10.5}"
BTCUSDT,SIM,2019-06-09T00:00:00+08:00,2019-06-10T00:00:00+08:00,0.18,0.00,0.0150,0.24,5,BINANCE,"{""pbfactor"":0.8,""widener"":15.5}"
,,,,,,,,,,
ADAUSDT,REAL,2019-06-08T00:00:00+08:00,2019-06-09T00:00:00+08:00,1.01,0.33,4264.0000,1.19,41,,
ADAUSDT,SIM,2019-06-08T00:00:00+08:00,2019-06-09T00:00:00+08:00,-0.36,0.88,4384.3615,-0.18,46,BINANCE,"{""pbfactor"":0.8,""widener"":3.5}"
ADAUSDT,SIM,2019-06-08T00:00:00+08:00,2019-06-09T00:00:00+08:00,-2.89,3.30,27646.7501,-1.74,264,FCOIN,"{""pbfactor"":0.8,""widener"":3.5}"
ADAUSDT,SIM,2019-06-08T00:00:00+08:00,2019-06-09T00:00:00+08:00,0.62,0.17,1364.9818,0.67,15,BINANCE,"{""pbfactor"":0.8,""widener"":5.5}"
ADAUSDT,SIM,2019-06-08T00:00:00+08:00,2019-06-09T00:00:00+08:00,-0.97,1.18,17577.5301,-0.23,166,FCOIN,"{""pbfactor"":0.8,""widener"":5.5}"
ADAUSDT,SIM,2019-06-08T00:00:00+08:00,2019-06-09T00:00:00+08:00,-0.00,0.00,210.3039,0.01,2,BINANCE,"{""pbfactor"":0.8,""widener"":8.5}"
ADAUSDT,SIM,2019-06-08T00:00:00+08:00,2019-06-09T00:00:00+08:00,-0.54,0.96,10954.9507,-0.08,102,FCOIN,"{""pbfactor"":0.8,""widener"":8.5}"
ADAUSDT,SIM,2019-06-08T00:00:00+08:00,2019-06-09T00:00:00+08:00,-0.04,0.79,8106.8132,0.30,76,FCOIN,"{""pbfactor"":0.8,""widener"":10.5}"
ADAUSDT,SIM,2019-06-08T00:00:00+08:00,2019-06-09T00:00:00+08:00,0.44,0.37,4070.0000,0.61,37,FCOIN,"{""pbfactor"":0.8,""widener"":15.5}"
ADAUSDT,SIM,2019-06-08T00:00:00+08:00,2019-06-09T00:00:00+08:00,0.76,0.21,2540.0000,0.87,25,FCOIN,"{""pbfactor"":0.8,""widener"":20.5}"
ADAUSDT,SIM,2019-06-08T00:00:00+08:00,2019-06-09T00:00:00+08:00,0.31,0.12,1583.3043,0.37,15,FCOIN,"{""pbfactor"":0.8,""widener"":25.5}"
ADAUSDT,SIM,2019-06-08T00:00:00+08:00,2019-06-09T00:00:00+08:00,0.61,0.08,990.0000,0.65,9,FCOIN,"{""pbfactor"":0.8,""widener"":30.5}"
ADAUSDT,SIM,2019-06-08T00:00:00+08:00,2019-06-09T00:00:00+08:00,0.63,0.09,764.5002,0.66,7,FCOIN,"{""pbfactor"":0.8,""widener"":35.5}"
ADAUSDT,SIM,2019-06-08T00:00:00+08:00,2019-06-09T00:00:00+08:00,0.34,0.00,231.3478,0.35,3,FCOIN,"{""pbfactor"":0.8,""widener"":40.5}"
ADAUSDT,SIM,2019-06-08T00:00:00+08:00,2019-06-09T00:00:00+08:00,0.00,0.00,110.0000,0.00,1,FCOIN,"{""pbfactor"":0.8,""widener"":45.5}"
,,,,,,,,,,
DASHUSDT,REAL,2019-06-08T00:00:00+08:00,2019-06-09T00:00:00+08:00,0.36,0.06,0.2460,0.38,4,,
DASHUSDT,SIM,2019-06-08T00:00:00+08:00,2019-06-09T00:00:00+08:00,0.53,0.11,0.8620,0.59,27,BINANCE,"{""pbfactor"":0.8,""widener"":3.5}"
DASHUSDT,SIM,2019-06-08T00:00:00+08:00,2019-06-09T00:00:00+08:00,-0.28,0.51,6.0669,0.16,147,FCOIN,"{""pbfactor"":0.8,""widener"":3.5}"
DASHUSDT,SIM,2019-06-08T00:00:00+08:00,2019-06-09T00:00:00+08:00,0.00,0.00,0.0270,0.00,1,BINANCE,"{""pbfactor"":0.8,""widener"":5.5}"
DASHUSDT,SIM,2019-06-08T00:00:00+08:00,2019-06-09T00:00:00+08:00,0.62,0.20,3.0353,0.84,59,FCOIN,"{""pbfactor"":0.8,""widener"":5.5}"
DASHUSDT,SIM,2019-06-08T00:00:00+08:00,2019-06-09T00:00:00+08:00,0.22,0.19,0.6300,0.27,12,FCOIN,"{""pbfactor"":0.8,""widener"":8.5}"
DASHUSDT,SIM,2019-06-08T00:00:00+08:00,2019-06-09T00:00:00+08:00,0.05,0.13,0.3450,0.08,7,FCOIN,"{""pbfactor"":0.8,""widener"":10.5}"
DASHUSDT,SIM,2019-06-08T00:00:00+08:00,2019-06-09T00:00:00+08:00,-0.01,0.01,0.0100,-0.01,2,FCOIN,"{""pbfactor"":0.8,""widener"":15.5}"
,,,,,,,,,,
LTCUSDT,SIM,2019-06-08T00:00:00+08:00,2019-06-09T00:00:00+08:00,-20.28,20.96,106.4653,-14.25,565,BINANCE,"{""pbfactor"":0.8,""widener"":3.5}"
LTCUSDT,SIM,2019-06-08T00:00:00+08:00,2019-06-09T00:00:00+08:00,-20.80,20.86,198.1353,-9.56,1061,FCOIN,"{""pbfactor"":0.8,""widener"":3.5}"
LTCUSDT,SIM,2019-06-08T00:00:00+08:00,2019-06-09T00:00:00+08:00,-12.86,13.81,77.3567,-8.48,404,BINANCE,"{""pbfactor"":0.8,""widener"":5.5}"
LTCUSDT,SIM,2019-06-08T00:00:00+08:00,2019-06-09T00:00:00+08:00,-19.09,19.09,163.1232,-9.84,873,FCOIN,"{""pbfactor"":0.8,""widener"":5.5}"
LTCUSDT,SIM,2019-06-08T00:00:00+08:00,2019-06-09T00:00:00+08:00,-8.54,9.83,44.1669,-6.04,227,BINANCE,"{""pbfactor"":0.8,""widener"":8.5}"
LTCUSDT,SIM,2019-06-08T00:00:00+08:00,2019-06-09T00:00:00+08:00,-16.03,16.34,131.3002,-8.59,686,FCOIN,"{""pbfactor"":0.8,""widener"":8.5}"
LTCUSDT,SIM,2019-06-08T00:00:00+08:00,2019-06-09T00:00:00+08:00,-4.74,7.23,27.8559,-3.17,149,BINANCE,"{""pbfactor"":0.8,""widener"":10.5}"
LTCUSDT,SIM,2019-06-08T00:00:00+08:00,2019-06-09T00:00:00+08:00,-13.00,13.24,102.5128,-7.19,539,FCOIN,"{""pbfactor"":0.8,""widener"":10.5}"
LTCUSDT,SIM,2019-06-08T00:00:00+08:00,2019-06-09T00:00:00+08:00,-0.46,1.56,9.0000,0.06,45,BINANCE,"{""pbfactor"":0.8,""widener"":15.5}"
LTCUSDT,SIM,2019-06-08T00:00:00+08:00,2019-06-09T00:00:00+08:00,-6.79,6.79,62.7644,-3.23,331,FCOIN,"{""pbfactor"":0.8,""widener"":15.5}"
LTCUSDT,SIM,2019-06-08T00:00:00+08:00,2019-06-09T00:00:00+08:00,-0.40,0.70,2.2000,-0.27,11,BINANCE,"{""pbfactor"":0.8,""widener"":20.5}"
,,,,,,,,,,
XRPUSDT,REAL,2019-06-08T00:00:00+08:00,2019-06-09T00:00:00+08:00,-2.58,7.29,12909.4100,0.11,251,,
XRPUSDT,SIM,2019-06-08T00:00:00+08:00,2019-06-09T00:00:00+08:00,-4.38,4.60,12865.4800,-1.69,266,BINANCE,"{""pbfactor"":0.8,""widener"":3.5}"
XRPUSDT,SIM,2019-06-08T00:00:00+08:00,2019-06-09T00:00:00+08:00,-10.18,12.27,19626.3100,-6.09,422,FCOIN,"{""pbfactor"":0.8,""widener"":3.5}"
XRPUSDT,SIM,2019-06-08T00:00:00+08:00,2019-06-09T00:00:00+08:00,-0.58,2.12,8011.9300,1.09,165,BINANCE,"{""pbfactor"":0.8,""widener"":5.5}"
XRPUSDT,SIM,2019-06-08T00:00:00+08:00,2019-06-09T00:00:00+08:00,-8.20,9.72,11272.3100,-5.84,233,FCOIN,"{""pbfactor"":0.8,""widener"":5.5}"
XRPUSDT,SIM,2019-06-08T00:00:00+08:00,2019-06-09T00:00:00+08:00,-1.69,2.60,4424.6600,-0.77,89,BINANCE,"{""pbfactor"":0.8,""widener"":8.5}"
XRPUSDT,SIM,2019-06-08T00:00:00+08:00,2019-06-09T00:00:00+08:00,-1.27,2.00,4767.3800,-0.28,93,FCOIN,"{""pbfactor"":0.8,""widener"":8.5}"
XRPUSDT,SIM,2019-06-08T00:00:00+08:00,2019-06-09T00:00:00+08:00,-1.18,1.67,2868.8500,-0.58,58,BINANCE,"{""pbfactor"":0.8,""widener"":10.5}"
XRPUSDT,SIM,2019-06-08T00:00:00+08:00,2019-06-09T00:00:00+08:00,-0.69,1.21,2676.5900,-0.13,54,FCOIN,"{""pbfactor"":0.8,""widener"":10.5}"
XRPUSDT,SIM,2019-06-08T00:00:00+08:00,2019-06-09T00:00:00+08:00,-0.50,0.67,1031.7000,-0.29,19,BINANCE,"{""pbfactor"":0.8,""widener"":15.5}"
XRPUSDT,SIM,2019-06-08T00:00:00+08:00,2019-06-09T00:00:00+08:00,0.43,0.08,558.1700,0.55,13,FCOIN,"{""pbfactor"":0.8,""widener"":15.5}"
XRPUSDT,SIM,2019-06-08T00:00:00+08:00,2019-06-09T00:00:00+08:00,0.12,0.00,108.6000,0.14,2,BINANCE,"{""pbfactor"":0.8,""widener"":20.5}"
XRPUSDT,SIM,2019-06-08T00:00:00+08:00,2019-06-09T00:00:00+08:00,0.07,0.00,108.6000,0.09,2,FCOIN,"{""pbfactor"":0.8,""widener"":20.5}"
XRPUSDT,SIM,2019-06-08T00:00:00+08:00,2019-06-09T00:00:00+08:00,0.15,0.00,108.6000,0.17,2,BINANCE,"{""pbfactor"":0.8,""widener"":25.5}"
XRPUSDT,SIM,2019-06-08T00:00:00+08:00,2019-06-09T00:00:00+08:00,0.11,0.00,108.6000,0.13,2,FCOIN,"{""pbfactor"":0.8,""widener"":25.5}"
XRPUSDT,SIM,2019-06-08T00:00:00+08:00,2019-06-09T00:00:00+08:00,0.13,0.00,108.6000,0.15,2,FCOIN,"{""pbfactor"":0.8,""widener"":30.5}"
,,,,,,,,,,
ETHUSDT,REAL,2019-06-08T00:00:00+08:00,2019-06-09T00:00:00+08:00,-0.98,5.43,10.4091,0.29,132,,
ETHUSDT,SIM,2019-06-08T00:00:00+08:00,2019-06-09T00:00:00+08:00,-9.72,10.28,23.4349,-6.86,272,BINANCE,"{""pbfactor"":0.8,""widener"":3.5}"
ETHUSDT,SIM,2019-06-08T00:00:00+08:00,2019-06-09T00:00:00+08:00,-2.51,4.52,72.7016,6.34,834,FCOIN,"{""pbfactor"":0.8,""widener"":3.5}"
ETHUSDT,SIM,2019-06-08T00:00:00+08:00,2019-06-09T00:00:00+08:00,-4.10,5.16,14.3040,-2.36,164,BINANCE,"{""pbfactor"":0.8,""widener"":5.5}"
ETHUSDT,SIM,2019-06-08T00:00:00+08:00,2019-06-09T00:00:00+08:00,-6.31,6.35,63.6560,1.44,729,FCOIN,"{""pbfactor"":0.8,""widener"":5.5}"
ETHUSDT,SIM,2019-06-08T00:00:00+08:00,2019-06-09T00:00:00+08:00,-3.39,4.31,5.1820,-2.75,59,BINANCE,"{""pbfactor"":0.8,""widener"":8.5}"
ETHUSDT,SIM,2019-06-08T00:00:00+08:00,2019-06-09T00:00:00+08:00,-5.14,5.63,53.5388,1.38,612,FCOIN,"{""pbfactor"":0.8,""widener"":8.5}"
ETHUSDT,SIM,2019-06-08T00:00:00+08:00,2019-06-09T00:00:00+08:00,-2.86,3.67,3.0500,-2.49,35,BINANCE,"{""pbfactor"":0.8,""widener"":10.5}"
ETHUSDT,SIM,2019-06-08T00:00:00+08:00,2019-06-09T00:00:00+08:00,-4.85,4.89,45.1193,0.64,516,FCOIN,"{""pbfactor"":0.8,""widener"":10.5}"
ETHUSDT,SIM,2019-06-08T00:00:00+08:00,2019-06-09T00:00:00+08:00,-1.17,1.54,1.3350,-1.00,15,BINANCE,"{""pbfactor"":0.8,""widener"":15.5}"
ETHUSDT,SIM,2019-06-08T00:00:00+08:00,2019-06-09T00:00:00+08:00,-3.20,3.20,28.6968,0.29,330,FCOIN,"{""pbfactor"":0.8,""widener"":15.5}"
ETHUSDT,SIM,2019-06-08T00:00:00+08:00,2019-06-09T00:00:00+08:00,-0.24,0.24,0.2670,-0.20,3,BINANCE,"{""pbfactor"":0.8,""widener"":20.5}"
,,,,,,,,,,
BTCUSDT,REAL,2019-06-08T00:00:00+08:00,2019-06-09T00:00:00+08:00,1.15,2.81,0.5490,3.28,183,,
BTCUSDT,SIM,2019-06-08T00:00:00+08:00,2019-06-09T00:00:00+08:00,-5.50,7.93,1.1885,-0.89,405,BINANCE,"{""pbfactor"":0.8,""widener"":3.5}"
BTCUSDT,SIM,2019-06-08T00:00:00+08:00,2019-06-09T00:00:00+08:00,-7.27,9.06,3.1970,5.14,1067,FCOIN,"{""pbfactor"":0.8,""widener"":3.5}"
BTCUSDT,SIM,2019-06-08T00:00:00+08:00,2019-06-09T00:00:00+08:00,-3.71,5.62,0.7240,-0.90,245,BINANCE,"{""pbfactor"":0.8,""widener"":5.5}"
BTCUSDT,SIM,2019-06-08T00:00:00+08:00,2019-06-09T00:00:00+08:00,-9.00,9.14,2.9600,2.50,989,FCOIN,"{""pbfactor"":0.8,""widener"":5.5}"
BTCUSDT,SIM,2019-06-08T00:00:00+08:00,2019-06-09T00:00:00+08:00,-0.80,2.60,0.3245,0.46,109,BINANCE,"{""pbfactor"":0.8,""widener"":8.5}"
BTCUSDT,SIM,2019-06-08T00:00:00+08:00,2019-06-09T00:00:00+08:00,-9.78,9.83,2.6457,0.50,884,FCOIN,"{""pbfactor"":0.8,""widener"":8.5}"
BTCUSDT,SIM,2019-06-08T00:00:00+08:00,2019-06-09T00:00:00+08:00,-1.62,3.23,0.1860,-0.90,62,BINANCE,"{""pbfactor"":0.8,""widener"":10.5}"
BTCUSDT,SIM,2019-06-08T00:00:00+08:00,2019-06-09T00:00:00+08:00,-8.66,8.66,2.0250,-0.79,677,FCOIN,"{""pbfactor"":0.8,""widener"":10.5}"
BTCUSDT,SIM,2019-06-08T00:00:00+08:00,2019-06-09T00:00:00+08:00,-0.41,0.82,0.0510,-0.21,17,BINANCE,"{""pbfactor"":0.8,""widener"":15.5}"
BTCUSDT,SIM,2019-06-08T00:00:00+08:00,2019-06-09T00:00:00+08:00,-6.24,6.25,1.4890,-0.46,497,FCOIN,"{""pbfactor"":0.8,""widener"":15.5}"
,,,,,,,,,,
ADAUSDT,REAL,2019-06-07T00:00:00+08:00,2019-06-08T00:00:00+08:00,-1.78,3.44,8648.1678,-1.44,85,,
ADAUSDT,SIM,2019-06-07T00:00:00+08:00,2019-06-08T00:00:00+08:00,-4.60,5.25,5717.6865,-4.38,54,BINANCE,"{""pbfactor"":0.8,""widener"":3.5}"
ADAUSDT,SIM,2019-06-07T00:00:00+08:00,2019-06-08T00:00:00+08:00,-2.55,4.65,50106.2220,-0.57,479,FCOIN,"{""pbfactor"":0.8,""widener"":3.5}"
ADAUSDT,SIM,2019-06-07T00:00:00+08:00,2019-06-08T00:00:00+08:00,-1.43,2.51,2415.0000,-1.34,22,BINANCE,"{""pbfactor"":0.8,""widener"":5.5}"
ADAUSDT,SIM,2019-06-07T00:00:00+08:00,2019-06-08T00:00:00+08:00,-0.97,3.13,34751.7059,0.40,323,FCOIN,"{""pbfactor"":0.8,""widener"":5.5}"
ADAUSDT,SIM,2019-06-07T00:00:00+08:00,2019-06-08T00:00:00+08:00,0.35,0.00,660.0000,0.37,6,BINANCE,"{""pbfactor"":0.8,""widener"":8.5}"
ADAUSDT,SIM,2019-06-07T00:00:00+08:00,2019-06-08T00:00:00+08:00,-0.99,2.55,20793.2098,-0.17,195,FCOIN,"{""pbfactor"":0.8,""widener"":8.5}"
ADAUSDT,SIM,2019-06-07T00:00:00+08:00,2019-06-08T00:00:00+08:00,0.03,0.00,330.0000,0.05,3,BINANCE,"{""pbfactor"":0.8,""widener"":10.5}"
ADAUSDT,SIM,2019-06-07T00:00:00+08:00,2019-06-08T00:00:00+08:00,-0.26,2.78,15991.1595,0.37,151,FCOIN,"{""pbfactor"":0.8,""widener"":10.5}"
ADAUSDT,SIM,2019-06-07T00:00:00+08:00,2019-06-08T00:00:00+08:00,0.00,0.00,15.2489,0.00,1,BINANCE,"{""pbfactor"":0.8,""widener"":15.5}"
ADAUSDT,SIM,2019-06-07T00:00:00+08:00,2019-06-08T00:00:00+08:00,2.55,1.14,9563.0094,2.93,88,FCOIN,"{""pbfactor"":0.8,""widener"":15.5}"
ADAUSDT,SIM,2019-06-07T00:00:00+08:00,2019-06-08T00:00:00+08:00,1.98,0.78,5554.9372,2.20,53,FCOIN,"{""pbfactor"":0.8,""widener"":20.5}"
ADAUSDT,SIM,2019-06-07T00:00:00+08:00,2019-06-08T00:00:00+08:00,1.11,0.57,3205.4133,1.24,31,FCOIN,"{""pbfactor"":0.8,""widener"":25.5}"
ADAUSDT,SIM,2019-06-07T00:00:00+08:00,2019-06-08T00:00:00+08:00,1.54,0.64,1760.0000,1.61,16,FCOIN,"{""pbfactor"":0.8,""widener"":30.5}"
ADAUSDT,SIM,2019-06-07T00:00:00+08:00,2019-06-08T00:00:00+08:00,1.03,0.03,1100.0000,1.07,10,FCOIN,"{""pbfactor"":0.8,""widener"":35.5}"
,,,,,,,,,,
DASHUSDT,REAL,2019-06-07T00:00:00+08:00,2019-06-08T00:00:00+08:00,0.42,0.02,0.2460,0.44,4,,
DASHUSDT,SIM,2019-06-07T00:00:00+08:00,2019-06-08T00:00:00+08:00,0.26,0.84,1.2876,0.35,37,BINANCE,"{""pbfactor"":0.8,""widener"":3.5}"
DASHUSDT,SIM,2019-06-07T00:00:00+08:00,2019-06-08T00:00:00+08:00,-1.41,2.93,5.2226,-1.04,125,FCOIN,"{""pbfactor"":0.8,""widener"":3.5}"
DASHUSDT,SIM,2019-06-07T00:00:00+08:00,2019-06-08T00:00:00+08:00,0.14,0.01,0.1280,0.15,7,BINANCE,"{""pbfactor"":0.8,""widener"":5.5}"
DASHUSDT,SIM,2019-06-07T00:00:00+08:00,2019-06-08T00:00:00+08:00,0.41,0.63,2.0044,0.55,50,FCOIN,"{""pbfactor"":0.8,""widener"":5.5}"
DASHUSDT,SIM,2019-06-07T00:00:00+08:00,2019-06-08T00:00:00+08:00,0.91,0.30,0.4960,0.94,8,FCOIN,"{""pbfactor"":0.8,""widener"":8.5}"
DASHUSDT,SIM,2019-06-07T00:00:00+08:00,2019-06-08T00:00:00+08:00,0.62,0.30,0.3930,0.64,7,FCOIN,"{""pbfactor"":0.8,""widener"":10.5}"
DASHUSDT,SIM,2019-06-07T00:00:00+08:00,2019-06-08T00:00:00+08:00,0.00,0.00,0.0620,0.00,1,FCOIN,"{""pbfactor"":0.8,""widener"":15.5}"
,,,,,,,,,,
LTCUSDT,SIM,2019-06-07T00:00:00+08:00,2019-06-08T00:00:00+08:00,7.03,5.03,81.3944,11.14,434,BINANCE,"{""pbfactor"":0.8,""widener"":3.5}"
LTCUSDT,SIM,2019-06-07T00:00:00+08:00,2019-06-08T00:00:00+08:00,-40.03,40.29,178.2684,-31.04,945,FCOIN,"{""pbfactor"":0.8,""widener"":3.5}"
LTCUSDT,SIM,2019-06-07T00:00:00+08:00,2019-06-08T00:00:00+08:00,15.92,5.06,55.2927,18.71,292,BINANCE,"{""pbfactor"":0.8,""widener"":5.5}"
LTCUSDT,SIM,2019-06-07T00:00:00+08:00,2019-06-08T00:00:00+08:00,-33.55,33.84,147.5705,-26.10,796,FCOIN,"{""pbfactor"":0.8,""widener"":5.5}"
LTCUSDT,SIM,2019-06-07T00:00:00+08:00,2019-06-08T00:00:00+08:00,12.16,3.32,31.7559,13.76,165,BINANCE,"{""pbfactor"":0.8,""widener"":8.5}"
LTCUSDT,SIM,2019-06-07T00:00:00+08:00,2019-06-08T00:00:00+08:00,-21.86,21.86,114.8395,-16.06,614,FCOIN,"{""pbfactor"":0.8,""widener"":8.5}"
LTCUSDT,SIM,2019-06-07T00:00:00+08:00,2019-06-08T00:00:00+08:00,7.89,2.77,21.6039,8.98,116,BINANCE,"{""pbfactor"":0.8,""widener"":10.5}"
LTCUSDT,SIM,2019-06-07T00:00:00+08:00,2019-06-08T00:00:00+08:00,-8.54,8.54,88.9185,-4.05,477,FCOIN,"{""pbfactor"":0.8,""widener"":10.5}"
LTCUSDT,SIM,2019-06-07T00:00:00+08:00,2019-06-08T00:00:00+08:00,5.93,1.02,10.2891,6.45,53,BINANCE,"{""pbfactor"":0.8,""widener"":15.5}"
LTCUSDT,SIM,2019-06-07T00:00:00+08:00,2019-06-08T00:00:00+08:00,-2.80,2.89,43.7318,-0.59,229,FCOIN,"{""pbfactor"":0.8,""widener"":15.5}"
LTCUSDT,SIM,2019-06-07T00:00:00+08:00,2019-06-08T00:00:00+08:00,1.38,0.00,1.8000,1.47,9,BINANCE,"{""pbfactor"":0.8,""widener"":20.5}"
,,,,,,,,,,
XRPUSDT,REAL,2019-06-07T00:00:00+08:00,2019-06-08T00:00:00+08:00,2.20,8.97,25792.1000,7.36,492,,
XRPUSDT,SIM,2019-06-07T00:00:00+08:00,2019-06-08T00:00:00+08:00,-8.20,10.07,25584.1100,-3.08,530,BINANCE,"{""pbfactor"":0.8,""widener"":3.5}"
XRPUSDT,SIM,2019-06-07T00:00:00+08:00,2019-06-08T00:00:00+08:00,-11.56,11.97,32109.4400,-5.16,659,FCOIN,"{""pbfactor"":0.8,""widener"":3.5}"
XRPUSDT,SIM,2019-06-07T00:00:00+08:00,2019-06-08T00:00:00+08:00,-6.96,12.40,17679.7700,-3.42,354,BINANCE,"{""pbfactor"":0.8,""widener"":5.5}"
XRPUSDT,SIM,2019-06-07T00:00:00+08:00,2019-06-08T00:00:00+08:00,-7.72,7.97,22874.2200,-3.16,448,FCOIN,"{""pbfactor"":0.8,""widener"":5.5}"
XRPUSDT,SIM,2019-06-07T00:00:00+08:00,2019-06-08T00:00:00+08:00,-2.40,8.01,9179.5900,-0.56,184,BINANCE,"{""pbfactor"":0.8,""widener"":8.5}"
XRPUSDT,SIM,2019-06-07T00:00:00+08:00,2019-06-08T00:00:00+08:00,-6.25,7.21,14194.9800,-3.42,283,FCOIN,"{""pbfactor"":0.8,""widener"":8.5}"
XRPUSDT,SIM,2019-06-07T00:00:00+08:00,2019-06-08T00:00:00+08:00,-2.96,4.55,6183.7000,-1.72,120,BINANCE,"{""pbfactor"":0.8,""widener"":10.5}"
XRPUSDT,SIM,2019-06-07T00:00:00+08:00,2019-06-08T00:00:00+08:00,-3.98,4.81,10276.2500,-1.93,200,FCOIN,"{""pbfactor"":0.8,""widener"":10.5}"
XRPUSDT,SIM,2019-06-07T00:00:00+08:00,2019-06-08T00:00:00+08:00,-1.15,2.08,3173.2600,-0.52,61,BINANCE,"{""pbfactor"":0.8,""widener"":15.5}"
XRPUSDT,SIM,2019-06-07T00:00:00+08:00,2019-06-08T00:00:00+08:00,-1.21,1.69,3642.1300,-0.48,72,FCOIN,"{""pbfactor"":0.8,""widener"":15.5}"
XRPUSDT,SIM,2019-06-07T00:00:00+08:00,2019-06-08T00:00:00+08:00,-0.65,0.71,325.8000,-0.58,6,BINANCE,"{""pbfactor"":0.8,""widener"":20.5}"
XRPUSDT,SIM,2019-06-07T00:00:00+08:00,2019-06-08T00:00:00+08:00,-0.74,0.86,651.6000,-0.61,12,FCOIN,"{""pbfactor"":0.8,""widener"":20.5}"
XRPUSDT,SIM,2019-06-07T00:00:00+08:00,2019-06-08T00:00:00+08:00,0.00,0.45,110.6100,0.03,3,BINANCE,"{""pbfactor"":0.8,""widener"":25.5}"
XRPUSDT,SIM,2019-06-07T00:00:00+08:00,2019-06-08T00:00:00+08:00,0.43,0.28,534.2000,0.54,10,FCOIN,"{""pbfactor"":0.8,""widener"":25.5}"
XRPUSDT,SIM,2019-06-07T00:00:00+08:00,2019-06-08T00:00:00+08:00,0.00,0.00,54.3000,0.01,1,BINANCE,"{""pbfactor"":0.8,""widener"":30.5}"
,,,,,,,,,,
ETHUSDT,REAL,2019-06-07T00:00:00+08:00,2019-06-08T00:00:00+08:00,6.74,9.35,18.5127,8.94,236,,
ETHUSDT,SIM,2019-06-07T00:00:00+08:00,2019-06-08T00:00:00+08:00,1.87,5.10,35.5932,6.10,411,BINANCE,"{""pbfactor"":0.8,""widener"":3.5}"
ETHUSDT,SIM,2019-06-07T00:00:00+08:00,2019-06-08T00:00:00+08:00,-20.41,20.48,86.5667,-10.10,986,FCOIN,"{""pbfactor"":0.8,""widener"":3.5}"
ETHUSDT,SIM,2019-06-07T00:00:00+08:00,2019-06-08T00:00:00+08:00,5.13,7.82,22.6765,7.82,259,BINANCE,"{""pbfactor"":0.8,""widener"":5.5}"
ETHUSDT,SIM,2019-06-07T00:00:00+08:00,2019-06-08T00:00:00+08:00,-16.01,16.28,77.5598,-6.77,889,FCOIN,"{""pbfactor"":0.8,""widener"":5.5}"
ETHUSDT,SIM,2019-06-07T00:00:00+08:00,2019-06-08T00:00:00+08:00,1.57,4.91,11.5585,2.94,134,BINANCE,"{""pbfactor"":0.8,""widener"":8.5}"
ETHUSDT,SIM,2019-06-07T00:00:00+08:00,2019-06-08T00:00:00+08:00,-13.59,13.76,67.7505,-5.53,769,FCOIN,"{""pbfactor"":0.8,""widener"":8.5}"
ETHUSDT,SIM,2019-06-07T00:00:00+08:00,2019-06-08T00:00:00+08:00,1.47,3.25,7.7648,2.39,89,BINANCE,"{""pbfactor"":0.8,""widener"":10.5}"
ETHUSDT,SIM,2019-06-07T00:00:00+08:00,2019-06-08T00:00:00+08:00,-10.18,10.25,59.9906,-3.04,686,FCOIN,"{""pbfactor"":0.8,""widener"":10.5}"
ETHUSDT,SIM,2019-06-07T00:00:00+08:00,2019-06-08T00:00:00+08:00,0.70,1.60,3.9640,1.17,45,BINANCE,"{""pbfactor"":0.8,""widener"":15.5}"
ETHUSDT,SIM,2019-06-07T00:00:00+08:00,2019-06-08T00:00:00+08:00,-6.63,7.14,45.8549,-1.18,521,FCOIN,"{""pbfactor"":0.8,""widener"":15.5}"
ETHUSDT,SIM,2019-06-07T00:00:00+08:00,2019-06-08T00:00:00+08:00,0.78,1.29,1.4240,0.94,16,BINANCE,"{""pbfactor"":0.8,""widener"":20.5}"
ETHUSDT,SIM,2019-06-07T00:00:00+08:00,2019-06-08T00:00:00+08:00,-3.67,3.93,32.9176,0.24,375,FCOIN,"{""pbfactor"":0.8,""widener"":20.5}"
ETHUSDT,SIM,2019-06-07T00:00:00+08:00,2019-06-08T00:00:00+08:00,0.34,0.43,0.5340,0.41,6,BINANCE,"{""pbfactor"":0.8,""widener"":25.5}"
ETHUSDT,SIM,2019-06-07T00:00:00+08:00,2019-06-08T00:00:00+08:00,-1.60,1.67,7.5201,-0.71,87,FCOIN,"{""pbfactor"":0.8,""widener"":25.5}"
,,,,,,,,,,
BTCUSDT,REAL,2019-06-07T00:00:00+08:00,2019-06-08T00:00:00+08:00,7.98,3.82,0.4300,9.60,145,,
BTCUSDT,SIM,2019-06-07T00:00:00+08:00,2019-06-08T00:00:00+08:00,0.91,4.79,0.9685,4.56,331,BINANCE,"{""pbfactor"":0.8,""widener"":3.5}"
BTCUSDT,SIM,2019-06-07T00:00:00+08:00,2019-06-08T00:00:00+08:00,-19.53,20.10,3.2304,-7.35,1078,FCOIN,"{""pbfactor"":0.8,""widener"":3.5}"
BTCUSDT,SIM,2019-06-07T00:00:00+08:00,2019-06-08T00:00:00+08:00,-0.13,6.01,0.5218,1.84,178,BINANCE,"{""pbfactor"":0.8,""widener"":5.5}"
BTCUSDT,SIM,2019-06-07T00:00:00+08:00,2019-06-08T00:00:00+08:00,-14.96,14.96,2.8958,-4.04,968,FCOIN,"{""pbfactor"":0.8,""widener"":5.5}"
BTCUSDT,SIM,2019-06-07T00:00:00+08:00,2019-06-08T00:00:00+08:00,1.21,2.67,0.2652,2.21,91,BINANCE,"{""pbfactor"":0.8,""widener"":8.5}"
BTCUSDT,SIM,2019-06-07T00:00:00+08:00,2019-06-08T00:00:00+08:00,-12.66,12.66,2.5425,-3.07,850,FCOIN,"{""pbfactor"":0.8,""widener"":8.5}"
BTCUSDT,SIM,2019-06-07T00:00:00+08:00,2019-06-08T00:00:00+08:00,2.00,0.42,0.1220,2.46,41,BINANCE,"{""pbfactor"":0.8,""widener"":10.5}"
BTCUSDT,SIM,2019-06-07T00:00:00+08:00,2019-06-08T00:00:00+08:00,-10.71,10.71,2.1394,-2.66,715,FCOIN,"{""pbfactor"":0.8,""widener"":10.5}"
BTCUSDT,SIM,2019-06-07T00:00:00+08:00,2019-06-08T00:00:00+08:00,1.34,0.17,0.0420,1.50,14,BINANCE,"{""pbfactor"":0.8,""widener"":15.5}"
BTCUSDT,SIM,2019-06-07T00:00:00+08:00,2019-06-08T00:00:00+08:00,-8.26,8.26,1.7250,-1.77,575,FCOIN,"{""pbfactor"":0.8,""widener"":15.5}"
BTCUSDT,SIM,2019-06-07T00:00:00+08:00,2019-06-08T00:00:00+08:00,0.29,0.11,0.0180,0.36,6,BINANCE,"{""pbfactor"":0.8,""widener"":20.5}"
BTCUSDT,SIM,2019-06-07T00:00:00+08:00,2019-06-08T00:00:00+08:00,-0.29,0.29,0.0930,0.06,31,FCOIN,"{""pbfactor"":0.8,""widener"":20.5}"
BTCUSDT,SIM,2019-06-07T00:00:00+08:00,2019-06-08T00:00:00+08:00,0.02,0.00,0.0060,0.04,2,FCOIN,"{""pbfactor"":0.8,""widener"":45.5}"
BTCUSDT,SIM,2019-06-07T00:00:00+08:00,2019-06-08T00:00:00+08:00,0.02,0.00,0.0060,0.04,2,FCOIN,"{""pbfactor"":0.8,""widener"":50.5}"
,,,,,,,,,,
ADAUSDT,REAL,2019-06-07T00:00:00+08:00,2019-06-08T00:00:00+08:00,-1.78,3.44,8648.1678,-1.44,85,,
ADAUSDT,SIM,2019-06-07T00:00:00+08:00,2019-06-08T00:00:00+08:00,-4.6,5.25,5717.6865,-4.38,54,BINANCE,"{""pbfactor"":0.8,""widener"":3.5}"
ADAUSDT,SIM,2019-06-07T00:00:00+08:00,2019-06-08T00:00:00+08:00,-2.55,4.65,50106.222,-0.57,479,FCOIN,"{""pbfactor"":0.8,""widener"":3.5}"
ADAUSDT,SIM,2019-06-07T00:00:00+08:00,2019-06-08T00:00:00+08:00,-1.43,2.51,2415,-1.34,22,BINANCE,"{""pbfactor"":0.8,""widener"":5.5}"
ADAUSDT,SIM,2019-06-07T00:00:00+08:00,2019-06-08T00:00:00+08:00,-0.97,3.13,34751.7059,0.4,323,FCOIN,"{""pbfactor"":0.8,""widener"":5.5}"
ADAUSDT,SIM,2019-06-07T00:00:00+08:00,2019-06-08T00:00:00+08:00,0.35,0,660,0.37,6,BINANCE,"{""pbfactor"":0.8,""widener"":8.5}"
ADAUSDT,SIM,2019-06-07T00:00:00+08:00,2019-06-08T00:00:00+08:00,-0.99,2.55,20793.2098,-0.17,195,FCOIN,"{""pbfactor"":0.8,""widener"":8.5}"
ADAUSDT,SIM,2019-06-07T00:00:00+08:00,2019-06-08T00:00:00+08:00,0.03,0,330,0.05,3,BINANCE,"{""pbfactor"":0.8,""widener"":10.5}"
ADAUSDT,SIM,2019-06-07T00:00:00+08:00,2019-06-08T00:00:00+08:00,-0.26,2.78,15991.1595,0.37,151,FCOIN,"{""pbfactor"":0.8,""widener"":10.5}"
ADAUSDT,SIM,2019-06-07T00:00:00+08:00,2019-06-08T00:00:00+08:00,0,0,15.2489,0,1,BINANCE,"{""pbfactor"":0.8,""widener"":15.5}"
ADAUSDT,SIM,2019-06-07T00:00:00+08:00,2019-06-08T00:00:00+08:00,2.55,1.14,9563.0094,2.93,88,FCOIN,"{""pbfactor"":0.8,""widener"":15.5}"
ADAUSDT,SIM,2019-06-07T00:00:00+08:00,2019-06-08T00:00:00+08:00,1.98,0.78,5554.9372,2.2,53,FCOIN,"{""pbfactor"":0.8,""widener"":20.5}"
ADAUSDT,SIM,2019-06-07T00:00:00+08:00,2019-06-08T00:00:00+08:00,1.11,0.57,3205.4133,1.24,31,FCOIN,"{""pbfactor"":0.8,""widener"":25.5}"
ADAUSDT,SIM,2019-06-07T00:00:00+08:00,2019-06-08T00:00:00+08:00,1.54,0.64,1760,1.61,16,FCOIN,"{""pbfactor"":0.8,""widener"":30.5}"
ADAUSDT,SIM,2019-06-07T00:00:00+08:00,2019-06-08T00:00:00+08:00,1.03,0.03,1100,1.07,10,FCOIN,"{""pbfactor"":0.8,""widener"":35.5}"
DASHUSDT,REAL,2019-06-07T00:00:00+08:00,2019-06-08T00:00:00+08:00,0.42,0.02,0.246,0.44,4,,
DASHUSDT,SIM,2019-06-07T00:00:00+08:00,2019-06-08T00:00:00+08:00,0.26,0.84,1.2876,0.35,37,BINANCE,"{""pbfactor"":0.8,""widener"":3.5}"
DASHUSDT,SIM,2019-06-07T00:00:00+08:00,2019-06-08T00:00:00+08:00,-1.41,2.93,5.2226,-1.04,125,FCOIN,"{""pbfactor"":0.8,""widener"":3.5}"
DASHUSDT,SIM,2019-06-07T00:00:00+08:00,2019-06-08T00:00:00+08:00,0.14,0.01,0.128,0.15,7,BINANCE,"{""pbfactor"":0.8,""widener"":5.5}"
DASHUSDT,SIM,2019-06-07T00:00:00+08:00,2019-06-08T00:00:00+08:00,0.41,0.63,2.0044,0.55,50,FCOIN,"{""pbfactor"":0.8,""widener"":5.5}"
DASHUSDT,SIM,2019-06-07T00:00:00+08:00,2019-06-08T00:00:00+08:00,0.91,0.3,0.496,0.94,8,FCOIN,"{""pbfactor"":0.8,""widener"":8.5}"
DASHUSDT,SIM,2019-06-07T00:00:00+08:00,2019-06-08T00:00:00+08:00,0.62,0.3,0.393,0.64,7,FCOIN,"{""pbfactor"":0.8,""widener"":10.5}"
DASHUSDT,SIM,2019-06-07T00:00:00+08:00,2019-06-08T00:00:00+08:00,0,0,0.062,0,1,FCOIN,"{""pbfactor"":0.8,""widener"":15.5}"
LTCUSDT,SIM,2019-06-07T00:00:00+08:00,2019-06-08T00:00:00+08:00,7.03,5.03,81.3944,11.14,434,BINANCE,"{""pbfactor"":0.8,""widener"":3.5}"
LTCUSDT,SIM,2019-06-07T00:00:00+08:00,2019-06-08T00:00:00+08:00,-40.03,40.29,178.2684,-31.04,945,FCOIN,"{""pbfactor"":0.8,""widener"":3.5}"
LTCUSDT,SIM,2019-06-07T00:00:00+08:00,2019-06-08T00:00:00+08:00,15.92,5.06,55.2927,18.71,292,BINANCE,"{""pbfactor"":0.8,""widener"":5.5}"
LTCUSDT,SIM,2019-06-07T00:00:00+08:00,2019-06-08T00:00:00+08:00,-33.55,33.84,147.5705,-26.1,796,FCOIN,"{""pbfactor"":0.8,""widener"":5.5}"
LTCUSDT,SIM,2019-06-07T00:00:00+08:00,2019-06-08T00:00:00+08:00,12.16,3.32,31.7559,13.76,165,BINANCE,"{""pbfactor"":0.8,""widener"":8.5}"
LTCUSDT,SIM,2019-06-07T00:00:00+08:00,2019-06-08T00:00:00+08:00,-21.86,21.86,114.8395,-16.06,614,FCOIN,"{""pbfactor"":0.8,""widener"":8.5}"
LTCUSDT,SIM,2019-06-07T00:00:00+08:00,2019-06-08T00:00:00+08:00,7.89,2.77,21.6039,8.98,116,BINANCE,"{""pbfactor"":0.8,""widener"":10.5}"
LTCUSDT,SIM,2019-06-07T00:00:00+08:00,2019-06-08T00:00:00+08:00,-8.54,8.54,88.9185,-4.05,477,FCOIN,"{""pbfactor"":0.8,""widener"":10.5}"
LTCUSDT,SIM,2019-06-07T00:00:00+08:00,2019-06-08T00:00:00+08:00,5.93,1.02,10.2891,6.45,53,BINANCE,"{""pbfactor"":0.8,""widener"":15.5}"
LTCUSDT,SIM,2019-06-07T00:00:00+08:00,2019-06-08T00:00:00+08:00,-2.8,2.89,43.7318,-0.59,229,FCOIN,"{""pbfactor"":0.8,""widener"":15.5}"
LTCUSDT,SIM,2019-06-07T00:00:00+08:00,2019-06-08T00:00:00+08:00,1.38,0,1.8,1.47,9,BINANCE,"{""pbfactor"":0.8,""widener"":20.5}"
XRPUSDT,REAL,2019-06-07T00:00:00+08:00,2019-06-08T00:00:00+08:00,2.2,8.97,25792.1,7.36,492,,
XRPUSDT,SIM,2019-06-07T00:00:00+08:00,2019-06-08T00:00:00+08:00,-8.2,10.07,25584.11,-3.08,530,BINANCE,"{""pbfactor"":0.8,""widener"":3.5}"
XRPUSDT,SIM,2019-06-07T00:00:00+08:00,2019-06-08T00:00:00+08:00,-11.56,11.97,32109.44,-5.16,659,FCOIN,"{""pbfactor"":0.8,""widener"":3.5}"
XRPUSDT,SIM,2019-06-07T00:00:00+08:00,2019-06-08T00:00:00+08:00,-6.96,12.4,17679.77,-3.42,354,BINANCE,"{""pbfactor"":0.8,""widener"":5.5}"
XRPUSDT,SIM,2019-06-07T00:00:00+08:00,2019-06-08T00:00:00+08:00,-7.72,7.97,22874.22,-3.16,448,FCOIN,"{""pbfactor"":0.8,""widener"":5.5}"
XRPUSDT,SIM,2019-06-07T00:00:00+08:00,2019-06-08T00:00:00+08:00,-2.4,8.01,9179.59,-0.56,184,BINANCE,"{""pbfactor"":0.8,""widener"":8.5}"
XRPUSDT,SIM,2019-06-07T00:00:00+08:00,2019-06-08T00:00:00+08:00,-6.25,7.21,14194.98,-3.42,283,FCOIN,"{""pbfactor"":0.8,""widener"":8.5}"
XRPUSDT,SIM,2019-06-07T00:00:00+08:00,2019-06-08T00:00:00+08:00,-2.96,4.55,6183.7,-1.72,120,BINANCE,"{""pbfactor"":0.8,""widener"":10.5}"
XRPUSDT,SIM,2019-06-07T00:00:00+08:00,2019-06-08T00:00:00+08:00,-3.98,4.81,10276.25,-1.93,200,FCOIN,"{""pbfactor"":0.8,""widener"":10.5}"
XRPUSDT,SIM,2019-06-07T00:00:00+08:00,2019-06-08T00:00:00+08:00,-1.15,2.08,3173.26,-0.52,61,BINANCE,"{""pbfactor"":0.8,""widener"":15.5}"
XRPUSDT,SIM,2019-06-07T00:00:00+08:00,2019-06-08T00:00:00+08:00,-1.21,1.69,3642.13,-0.48,72,FCOIN,"{""pbfactor"":0.8,""widener"":15.5}"
XRPUSDT,SIM,2019-06-07T00:00:00+08:00,2019-06-08T00:00:00+08:00,-0.65,0.71,325.8,-0.58,6,BINANCE,"{""pbfactor"":0.8,""widener"":20.5}"
XRPUSDT,SIM,2019-06-07T00:00:00+08:00,2019-06-08T00:00:00+08:00,-0.74,0.86,651.6,-0.61,12,FCOIN,"{""pbfactor"":0.8,""widener"":20.5}"
XRPUSDT,SIM,2019-06-07T00:00:00+08:00,2019-06-08T00:00:00+08:00,0,0.45,110.61,0.03,3,BINANCE,"{""pbfactor"":0.8,""widener"":25.5}"
XRPUSDT,SIM,2019-06-07T00:00:00+08:00,2019-06-08T00:00:00+08:00,0.43,0.28,534.2,0.54,10,FCOIN,"{""pbfactor"":0.8,""widener"":25.5}"
XRPUSDT,SIM,2019-06-07T00:00:00+08:00,2019-06-08T00:00:00+08:00,0,0,54.3,0.01,1,BINANCE,"{""pbfactor"":0.8,""widener"":30.5}"
ETHUSDT,REAL,2019-06-07T00:00:00+08:00,2019-06-08T00:00:00+08:00,6.74,9.35,18.5127,8.94,236,,
ETHUSDT,SIM,2019-06-07T00:00:00+08:00,2019-06-08T00:00:00+08:00,1.87,5.1,35.5932,6.1,411,BINANCE,"{""pbfactor"":0.8,""widener"":3.5}"
ETHUSDT,SIM,2019-06-07T00:00:00+08:00,2019-06-08T00:00:00+08:00,-20.41,20.48,86.5667,-10.1,986,FCOIN,"{""pbfactor"":0.8,""widener"":3.5}"
ETHUSDT,SIM,2019-06-07T00:00:00+08:00,2019-06-08T00:00:00+08:00,5.13,7.82,22.6765,7.82,259,BINANCE,"{""pbfactor"":0.8,""widener"":5.5}"
ETHUSDT,SIM,2019-06-07T00:00:00+08:00,2019-06-08T00:00:00+08:00,-16.01,16.28,77.5598,-6.77,889,FCOIN,"{""pbfactor"":0.8,""widener"":5.5}"
ETHUSDT,SIM,2019-06-07T00:00:00+08:00,2019-06-08T00:00:00+08:00,1.57,4.91,11.5585,2.94,134,BINANCE,"{""pbfactor"":0.8,""widener"":8.5}"
ETHUSDT,SIM,2019-06-07T00:00:00+08:00,2019-06-08T00:00:00+08:00,-13.59,13.76,67.7505,-5.53,769,FCOIN,"{""pbfactor"":0.8,""widener"":8.5}"
ETHUSDT,SIM,2019-06-07T00:00:00+08:00,2019-06-08T00:00:00+08:00,1.47,3.25,7.7648,2.39,89,BINANCE,"{""pbfactor"":0.8,""widener"":10.5}"
ETHUSDT,SIM,2019-06-07T00:00:00+08:00,2019-06-08T00:00:00+08:00,-10.18,10.25,59.9906,-3.04,686,FCOIN,"{""pbfactor"":0.8,""widener"":10.5}"
ETHUSDT,SIM,2019-06-07T00:00:00+08:00,2019-06-08T00:00:00+08:00,0.7,1.6,3.964,1.17,45,BINANCE,"{""pbfactor"":0.8,""widener"":15.5}"
ETHUSDT,SIM,2019-06-07T00:00:00+08:00,2019-06-08T00:00:00+08:00,-6.63,7.14,45.8549,-1.18,521,FCOIN,"{""pbfactor"":0.8,""widener"":15.5}"
ETHUSDT,SIM,2019-06-07T00:00:00+08:00,2019-06-08T00:00:00+08:00,0.78,1.29,1.424,0.94,16,BINANCE,"{""pbfactor"":0.8,""widener"":20.5}"
ETHUSDT,SIM,2019-06-07T00:00:00+08:00,2019-06-08T00:00:00+08:00,-3.67,3.93,32.9176,0.24,375,FCOIN,"{""pbfactor"":0.8,""widener"":20.5}"
ETHUSDT,SIM,2019-06-07T00:00:00+08:00,2019-06-08T00:00:00+08:00,0.34,0.43,0.534,0.41,6,BINANCE,"{""pbfactor"":0.8,""widener"":25.5}"
ETHUSDT,SIM,2019-06-07T00:00:00+08:00,2019-06-08T00:00:00+08:00,-1.6,1.67,7.5201,-0.71,87,FCOIN,"{""pbfactor"":0.8,""widener"":25.5}"
EOSUSDT,SIM,2019-06-07T00:00:00+08:00,2019-06-08T00:00:00+08:00,-1.32,4.56,1828.9392,4.2,592,BINANCE,"{""pbfactor"":0.8,""widener"":3.5}"
EOSUSDT,SIM,2019-06-07T00:00:00+08:00,2019-06-08T00:00:00+08:00,-24.2,24.2,3019.2695,-15.07,963,FCOIN,"{""pbfactor"":0.8,""widener"":3.5}"
EOSUSDT,SIM,2019-06-07T00:00:00+08:00,2019-06-08T00:00:00+08:00,6.4,5.6,1105.3146,9.74,353,BINANCE,"{""pbfactor"":0.8,""widener"":5.5}"
EOSUSDT,SIM,2019-06-07T00:00:00+08:00,2019-06-08T00:00:00+08:00,-19.93,20.36,2389.0947,-12.75,760,FCOIN,"{""pbfactor"":0.8,""widener"":5.5}"
EOSUSDT,SIM,2019-06-07T00:00:00+08:00,2019-06-08T00:00:00+08:00,4.53,4.39,510.0798,6.09,161,BINANCE,"{""pbfactor"":0.8,""widener"":8.5}"
EOSUSDT,SIM,2019-06-07T00:00:00+08:00,2019-06-08T00:00:00+08:00,-14.39,14.39,1695.0868,-9.29,539,FCOIN,"{""pbfactor"":0.8,""widener"":8.5}"
EOSUSDT,SIM,2019-06-07T00:00:00+08:00,2019-06-08T00:00:00+08:00,2.96,2.97,291.2,3.84,91,BINANCE,"{""pbfactor"":0.8,""widener"":10.5}"
EOSUSDT,SIM,2019-06-07T00:00:00+08:00,2019-06-08T00:00:00+08:00,-8.29,8.95,1338.4882,-4.26,424,FCOIN,"{""pbfactor"":0.8,""widener"":10.5}"
EOSUSDT,SIM,2019-06-07T00:00:00+08:00,2019-06-08T00:00:00+08:00,0.07,0.83,92.8,0.36,29,BINANCE,"{""pbfactor"":0.8,""widener"":15.5}"
EOSUSDT,SIM,2019-06-07T00:00:00+08:00,2019-06-08T00:00:00+08:00,-2.41,2.41,611.5271,-0.56,196,FCOIN,"{""pbfactor"":0.8,""widener"":15.5}"
EOSUSDT,SIM,2019-06-07T00:00:00+08:00,2019-06-08T00:00:00+08:00,2.3,0.26,28.8,2.38,9,BINANCE,"{""pbfactor"":0.8,""widener"":20.5}"
EOSUSDT,SIM,2019-06-07T00:00:00+08:00,2019-06-08T00:00:00+08:00,-0.27,1.1,281.6,0.58,88,FCOIN,"{""pbfactor"":0.8,""widener"":20.5}"
EOSUSDT,SIM,2019-06-07T00:00:00+08:00,2019-06-08T00:00:00+08:00,0,0,3.2,0.01,1,BINANCE,"{""pbfactor"":0.8,""widener"":25.5}"
BTCUSDT,REAL,2019-06-07T00:00:00+08:00,2019-06-08T00:00:00+08:00,7.98,3.82,0.43,9.6,145,,
BTCUSDT,SIM,2019-06-07T00:00:00+08:00,2019-06-08T00:00:00+08:00,0.91,4.79,0.9685,4.56,331,BINANCE,"{""pbfactor"":0.8,""widener"":3.5}"
BTCUSDT,SIM,2019-06-07T00:00:00+08:00,2019-06-08T00:00:00+08:00,-19.53,20.1,3.2304,-7.35,1078,FCOIN,"{""pbfactor"":0.8,""widener"":3.5}"
BTCUSDT,SIM,2019-06-07T00:00:00+08:00,2019-06-08T00:00:00+08:00,-0.13,6.01,0.5218,1.84,178,BINANCE,"{""pbfactor"":0.8,""widener"":5.5}"
BTCUSDT,SIM,2019-06-07T00:00:00+08:00,2019-06-08T00:00:00+08:00,-14.96,14.96,2.8958,-4.04,968,FCOIN,"{""pbfactor"":0.8,""widener"":5.5}"
BTCUSDT,SIM,2019-06-07T00:00:00+08:00,2019-06-08T00:00:00+08:00,1.21,2.67,0.2652,2.21,91,BINANCE,"{""pbfactor"":0.8,""widener"":8.5}"
BTCUSDT,SIM,2019-06-07T00:00:00+08:00,2019-06-08T00:00:00+08:00,-12.66,12.66,2.5425,-3.07,850,FCOIN,"{""pbfactor"":0.8,""widener"":8.5}"
BTCUSDT,SIM,2019-06-07T00:00:00+08:00,2019-06-08T00:00:00+08:00,2,0.42,0.122,2.46,41,BINANCE,"{""pbfactor"":0.8,""widener"":10.5}"
BTCUSDT,SIM,2019-06-07T00:00:00+08:00,2019-06-08T00:00:00+08:00,-10.71,10.71,2.1394,-2.66,715,FCOIN,"{""pbfactor"":0.8,""widener"":10.5}"
BTCUSDT,SIM,2019-06-07T00:00:00+08:00,2019-06-08T00:00:00+08:00,1.34,0.17,0.042,1.5,14,BINANCE,"{""pbfactor"":0.8,""widener"":15.5}"
BTCUSDT,SIM,2019-06-07T00:00:00+08:00,2019-06-08T00:00:00+08:00,-8.26,8.26,1.725,-1.77,575,FCOIN,"{""pbfactor"":0.8,""widener"":15.5}"
BTCUSDT,SIM,2019-06-07T00:00:00+08:00,2019-06-08T00:00:00+08:00,0.29,0.11,0.018,0.36,6,BINANCE,"{""pbfactor"":0.8,""widener"":20.5}"
BTCUSDT,SIM,2019-06-07T00:00:00+08:00,2019-06-08T00:00:00+08:00,-0.29,0.29,0.093,0.06,31,FCOIN,"{""pbfactor"":0.8,""widener"":20.5}"
BTCUSDT,SIM,2019-06-07T00:00:00+08:00,2019-06-08T00:00:00+08:00,0.02,0,0.006,0.04,2,FCOIN,"{""pbfactor"":0.8,""widener"":45.5}"
BTCUSDT,SIM,2019-06-07T00:00:00+08:00,2019-06-08T00:00:00+08:00,0.02,0,0.006,0.04,2,FCOIN,"{""pbfactor"":0.8,""widener"":50.5}"
